,bts_id,lat,lon
0,CEMG1,-33.3913,-70.6222
1,AMCLF,-33.5208,-70.5438
2,ANGG1,-33.9131,-70.7181
3,ANPUF,-33.5752,-70.661
4,ATYAF,-33.4124,-70.5219
5,BOMAF,-33.4945,-70.5983
6,CARPA,-33.4424,-70.5113
7,CAVEF,-33.4605,-70.5843
8,TCDEP,-33.457,-70.6098
9,CHLC1,-33.471,-70.6448
10,CLCPH,-33.3854,-70.5295
11,CLIPA,-33.3176,-70.8591
12,CLLPF,-33.7919,-70.7832
13,CSFG1,-33.459,-70.9489
14,DGAC1,-33.4412,-70.6174
15,ECHC2,-33.3773,-70.7552
16,EGOLF,-33.4121,-70.5936
17,EMILF,-33.4113,-70.5804
18,EPIC1,-33.4914,-70.6263
19,FAFAF,-33.4914,-70.7772
20,GAVC1,-33.5164,-70.6597
21,HCHG1,-33.0984,-70.8899
22,IRQC1,-33.4767,-70.6618
23,JAELF,-33.7336,-70.6716
24,LACON,-33.5562,-70.5374
25,LAUTR,-33.3426,-70.707
26,LHRG1,-33.6842,-70.7325
27,LOLMF,-33.4814,-70.6141
28,LOMIR,-33.6214,-70.7061
29,LOTSF,-33.467,-70.5583
30,LPZC1,-33.474000000000004,-70.5857
31,BARRI,-33.5093,-70.9101
32,LONQ1,-33.6632,-70.8053
33,ANORO,-33.3489,-70.6251
34,SARIP,-33.6569,-70.5317
35,LTOC1,-33.4655,-70.7222
36,MAGLF,-33.5877,-70.6189
37,MALOF,-33.7311,-70.7732
38,MLLOF,-33.6075,-70.8595
39,MLQNF,-33.7123,-70.8527
40,MRPG1,-33.5189,-71.1108
41,MTTC1,-33.4619,-70.6361
42,NOGLF,-33.4267,-70.6044
43,PAORL,-33.4738,-70.7363
44,PCNTF,-33.3927,-70.5974
45,PLAGF,-33.4643,-70.6527
46,PLANU,-33.4541,-70.5956
47,PNONO,-33.4324,-70.637
48,POCUF,-33.431999999999995,-70.5842
49,PPALF,-33.7153,-70.5663
50,PRALF,-33.4545,-70.7103
51,RATEF,-33.4171,-70.5544
52,REALF,-33.4324,-70.527
53,ROSAR,-33.4069,-70.5713
54,RSENF,-33.4166,-70.53399999999999
55,RUMOP,-33.6915,-71.0767
56,SANAR,-33.6393,-70.8724
57,SEUGF,-33.4631,-70.6206
58,SFLC1,-33.3739,-70.517
59,SGBF2,-33.7636,-70.2898
60,SIHUF,-33.4377,-70.6111
61,SLVF2,-33.4399,-70.6244
62,SMONI,-33.5338,-70.9268
63,SNLC1,-33.4048,-70.5869
64,SRCC1,-33.415,-70.6082
65,SUEG1,-33.4323,-70.6043
66,TPESO,-33.5311,-70.6868
67,TPOST,-33.4449,-70.6364
68,UANDF,-33.4065,-70.5073
69,USTOF,-33.4498,-70.6607
70,VALOC,-33.3825,-70.7296
71,VEVES,-33.5215,-70.7067
72,VLGC2,-33.3872,-70.6945
73,VPFON,-33.3724,-70.6713
74,AVCC1,-33.5608,-70.5838
75,BERNA,-33.519,-70.6688
76,SAJOS,-33.3688,-70.5052
77,CNAVF,-33.4055,-70.7192
78,LCPHU,-33.3972,-70.5499
79,ALVES,-33.4188,-70.5819
80,ATRQF,-33.3554,-70.5338
81,JPHF3,-33.4284,-70.5416
82,SACNF,-33.443000000000005,-70.6496
83,RICUR,-33.412,-70.602
84,SOSAN,-33.4242,-70.6149
85,LHTT2,-33.3997,-70.5777
86,LBARF,-33.3543,-70.5093
87,LPSC1,-33.3851,-70.57
88,CLNC1,-33.4238,-70.5783
89,EDNER,-33.4044,-70.5722
90,SPOLV,-33.4049,-70.567
91,CLOTF,-33.424,-70.6075
92,AMUF2,-33.4391,-70.6564
93,ENMF2,-33.4185,-70.601
94,PASTF,-33.4151,-70.5936
95,PBUSF,-33.441,-70.6313
96,PMRC1,-33.4263,-70.6158
97,MAPUC,-33.5119,-70.7625
98,PASEO,-33.4146,-70.5833
99,LEONF,-33.4197,-70.6063
100,AHUC1,-33.4414,-70.65100000000001
101,CSTAM,-33.4328,-70.6285
102,HONOI,-33.4014,-70.5988
103,ECROF,-33.3844,-70.5534
104,COSN2,-33.4337,-70.645
105,MPALA,-33.4519,-70.6785
106,CINC1,-33.5101,-70.7517
107,ANVC2,-33.4316,-70.6174
108,TARGA,-33.5364,-70.6085
109,ACHC1,-33.5063,-70.7645
110,BARAF,-33.6114,-70.7054
111,ROSAL,-33.4804,-70.7653
112,MPEC2,-33.4774,-70.5422
113,CNCOS,-33.4131,-70.7596
114,CIENF,-33.4422,-70.6625
115,DIPAF,-33.4424,-70.6408
116,MCAR1,-33.4534,-70.6348
117,REFUF,-33.4278,-70.7706
118,CNTC1,-33.4515,-70.6854
119,GRCC1,-33.4574,-70.6258
120,INTER,-33.4896,-70.7505
121,JPAG1,-33.4876,-70.602
122,LHUEF,-33.5913,-70.6633
123,LRJG1,-33.4558,-70.69800000000001
124,MALLS,-33.61,-70.87
125,MANPA,-33.4294,-70.6454
126,MELSF,-33.6818,-71.202
127,MENPF,-33.6837,-71.2256
128,MHUIF,-33.4428,-70.5257
129,MRCHN,-33.4525,-70.6087
130,NEPTF,-33.4443,-70.7295
131,NTSUF,-33.4318,-70.6603
132,NVMXF,-33.5926,-70.5594
133,PGALF,-33.4383,-70.5574
134,PJRC1,-33.4803,-70.7506
135,PPCCF,-33.3895,-70.615
136,PPONF,-33.6211,-70.5836
137,QVBMF,-33.5567,-70.616
138,RDIAF,-33.4533,-70.6151
139,RMAPF,-33.5052,-70.7872
140,SACAM,-33.6001,-70.6826
141,SBNC1,-33.5917,-70.7061
142,VDJUL,-33.4517,-70.6313
143,MAOUT,-33.4626,-70.6613
144,HDIRE,-33.4211,-70.7592
145,RUT57,-33.272,-70.7014
146,POESF,-33.5179,-70.7165
147,SALAL,-33.3804,-70.6224
148,TISNF,-33.5002,-70.5789
149,IVAVE,-33.436,-70.6436
150,ESTAD,-33.4371,-70.6396
151,JBARF,-33.4371,-70.6448
152,MAVIM,-33.4451,-70.6332
153,ALBER,-33.4354,-70.6337
154,CRYC1,-33.4313,-70.5708
155,CORFO,-33.3767,-70.5246
156,DCOCF,-33.4468,-70.6584
157,PORTF,-33.4559,-70.6336
158,SMGG1,-33.4862,-70.6563
159,EMONF,-33.364000000000004,-70.5421
160,HOLC2,-33.4202,-70.6098
161,IANOS,-33.4931,-70.6512
162,LUCC1,-33.4765,-70.6217
163,ABARF,-33.4377,-70.6605
164,CATC2,-33.4071,-70.681
165,LAMEF,-33.3569,-70.7274
166,MVLTR,-33.3573,-70.541
167,STRAN,-33.4906,-70.738
168,GRABF,-33.4835,-70.5289
169,LESPF,-33.4764,-70.5983
170,TEJED,-33.4541,-70.5406
171,MQHF2,-33.398,-70.5727
172,SANNU,-33.4998,-70.6535
173,VBUSF,-33.5072,-70.6452
174,ABMOF,-33.4556,-70.6727
175,ERRER,-33.4447,-70.6024
176,MFAR3,-33.4034,-70.5584
177,MRINF,-33.4468,-70.6397
178,CEMOR,-33.44,-70.6534
179,PBRAS,-33.4398,-70.6646
180,REYES,-33.4426,-70.6717
181,HOYTF,-33.4405,-70.6482
182,FUTFF,-33.4063,-70.7357
183,NOSC2,-33.642,-70.7112
184,NUBLF,-33.4654,-70.6258
185,NVSMT,-33.4406,-70.6586
186,OBIF2,-33.4033,-70.5957
187,OBRAF,-33.5911,-70.4961
188,PALIC,-33.5183,-70.5686
189,MOBF2,-33.4421,-70.652
190,SDGG1,-33.4548,-70.6497
191,SPAAM,-33.4347,-70.6569
192,TABC1,-33.3837,-70.5332
193,EGAC1,-33.4611,-70.5715
194,PCENT,-33.5668,-70.7883
195,JDCEF,-33.4584,-70.5997
196,BEAUF,-33.4708,-70.6646
197,EULSA,-33.4406,-70.6353
198,PHSUF,-33.5773,-70.8237
199,CAFAF,-33.5198,-70.7412
200,PLMOF,-33.6488,-70.6675
201,MORRF,-33.5896,-70.6802
202,JORBE,-33.4561,-70.5821
203,CSTG1,-33.54,-70.6657
204,GOYEN,-33.4236,-70.5958
205,ABZC2,-33.544000000000004,-70.7779
206,ASURA,-33.525,-70.7721
207,PQDEF,-33.5683,-70.553
208,PQSAF,-33.6477,-70.6032
209,POMAC,-33.6518,-71.1532
210,JJPG1,-33.4319,-70.7417
211,TPLG1,-33.5258,-70.7614
212,BRSC1,-33.434,-70.6773
213,SIBC1,-33.4483,-70.6338
214,ARRIF,-33.4629,-70.5509
215,COPER,-33.5531,-70.5625
216,DHCPF,-33.3415,-70.4993
217,MAZUF,-33.5102,-70.5955
218,OCMAM,-33.4407,-70.615
219,CARCA,-33.4201,-70.7095
220,COLIN,-33.1976,-70.6762
221,CARCU,-33.446,-70.6428
222,ESCBE,-33.3883,-70.5955
223,LASPU,-33.4661,-70.5991
224,LCASF,-33.4002,-70.5918
225,CAPG1,-33.4104,-70.5715
226,EMONU,-33.507,-70.605
227,CURZF,-33.4419,-70.53399999999999
228,CSPG1,-33.3831,-70.586
229,CMELF,-33.5377,-70.7696
230,COBRE,-33.3864,-70.5674
231,LCFLO,-33.3717,-70.5117
232,CSANF,-33.5632,-70.6031
233,AANAU,-33.5782,-70.7742
234,ALVIF,-33.5341,-70.6561
235,CREJF,-33.4583,-70.7068
236,CCVC2,-33.3967,-71.1421
237,AGRC1,-33.4336,-70.8353
238,DPTC2,-33.5022,-70.665
239,ELALF,-33.4024,-70.5155
240,EFEC1,-33.5153,-70.687
241,ISLRT,-33.6985,-70.8916
242,OLPOF,-33.5118,-70.7771
243,GIMNF,-33.5028,-70.7425
244,ISLOC,-33.7378,-70.8636
245,ACYF2,-33.2462,-70.6986
246,ESDEC,-33.3868,-70.6665
247,DHSG1,-33.3691,-70.5318
248,ACUF2,-33.8801,-70.8895
249,EMULC,-33.4105,-70.536
250,MLGAF,-33.4156,-70.5834
251,SBARF,-33.4617,-70.6458
252,CRISF,-33.4248,-70.5951
253,MAGAF,-33.5484,-70.5771
254,4CENF,-33.4151,-70.562
255,QIMF2,-33.3603,-70.497
256,RAMOT,-33.3916,-70.6516
257,PSNC2,-33.3346,-70.7198
258,PATC1,-33.4287,-70.6428
259,SULCI,-33.5401,-70.666
260,PPLG1,-33.4438,-70.658
261,RPBF2,-33.4512,-70.666
262,JP2EF,-33.2759,-70.6169
263,SLCG1,-33.4394,-70.6471
264,ALLOF,-33.5148,-70.7673
265,SMARF,-33.2775,-70.5438
266,SVYC2,-33.4951,-70.609
267,TEAC1,-33.441,-70.6546
268,UAIBF,-33.4804,-70.5164
269,CIRCO,-33.2744,-70.7468
270,CLORF,-33.4518,-70.558
271,MELI4,-33.6933,-71.2078
272,CCA5A,-33.418,-70.6059
273,ESTEF,-33.3548,-70.7059
274,DBZAF,-33.4285,-70.6494
275,LTDAF,-33.4303,-70.5553
276,CCA1C,-33.418,-70.6059
277,ECAC2,-33.5247,-70.7877
278,CCY1C,-33.418,-70.6059
279,ASBXF,-33.4653,-70.6875
280,SOTC1,-33.5832,-70.5946
281,UTORF,-33.4694,-70.7288
282,PRATF,-33.4445,-70.6519
283,MRNC1,-33.4917,-70.672
284,CVECM,-33.5391,-70.7905
285,PEPOO,-33.5956,-70.8455
286,SATG1,-33.558,-70.7903
287,FLRC1,-33.5057,-70.6019
288,NCOOF,-33.5855,-70.574
289,DHRLF,-33.3625,-70.5149
290,GAMBF,-33.4006,-70.5537
291,MCPPF,-33.4257,-70.6142
292,QUILE,-33.3298,-70.7053
293,MNDC3,-33.4431,-70.6537
294,JUMPE,-33.4884,-70.55
295,LPAJA,-33.4715,-70.542
296,LQUIL,-33.5675,-70.5862
297,CTORF,-33.5977,-70.6034
298,SEMC2,-33.4462,-70.626
299,ALDEF,-33.5331,-70.6353
300,CSNOF,-33.4488,-70.6684
301,FERRF,-33.4446,-70.6804
302,PRUTF,-33.6083,-70.8791
303,ACY7A,-33.3904,-70.5474
304,CCARO,-33.3732,-70.6831
305,PAA3E,-33.4024,-70.579
306,MMORT,-33.6925,-71.2159
307,PAA1F,-33.4024,-70.579
308,CONDF,-33.4484,-70.6456
309,PAY5A,-33.4024,-70.579
310,JMCAR,-33.5542,-70.5967
311,ASCLF,-33.3962,-70.7934
312,ACTRF,-33.4187,-70.5885
313,ARZTF,-33.525,-70.6749
314,MEUCA,-33.4399,-70.6398
315,MELEO,-33.4224,-70.6094
316,5DFF2,-33.4149,-70.7187
317,VIVC1,-33.4164,-70.6663
318,BULC1,-33.4489,-70.6524
319,CBOLL,-33.5769,-71.2139
320,CMARF,-33.6062,-70.6412
321,ALBC2,-33.3904,-70.5156
322,ELPC2,-33.5745,-70.5578
323,CSJNF,-33.5037,-70.627
324,JOTAF,-33.456,-70.6872
325,ANTUF,-33.4283,-70.6129
326,CAPIT,-33.4526,-70.6011
327,CARME,-33.4511,-70.6366
328,CLRYF,-33.2492,-70.7496
329,HUBET,-33.3526,-70.692
330,PERUR,-33.6265,-70.8907
331,LMPF2,-33.2819,-70.8905
332,GOBSF,-33.5491,-70.6779
333,ELPZF,-33.4191,-70.5722
334,LAFAU,-33.4905,-70.7719
335,ESBC2,-33.5948,-70.6972
336,LYDAF,-33.6425,-71.3496
337,ERQMA,-33.6119,-70.6979
338,EHURU,-33.5552,-70.8625
339,RENK3,-33.3922,-70.75
340,INZON,-33.4189,-70.5673
341,ISLMF,-33.7562,-70.8981
342,JAGUF,-33.3785,-70.6754
343,UCXC1,-33.5003,-70.6432
344,SAVIP,-33.672,-70.6226
345,TROVA,-33.4423,-70.7633
346,CSMBE,-33.4324,-70.6294
347,MAPQF,-33.415,-70.5891
348,PRODA,-33.4328,-70.6251
349,ESANF,-33.4576,-70.543
350,LPEBF,-33.4935,-70.5498
351,SAPLO,-33.4442,-70.7209
352,MAVME,-33.6848,-71.2135
353,WMAF2,-33.5215,-70.5559
354,MUPEC,-33.4024,-70.6199
355,MRACF,-33.4038,-70.5795
356,VCLOF,-33.8402,-70.8038
357,RENC1,-33.4037,-70.6995
358,HARRI,-33.4051,-70.54
359,PACG1,-33.4756,-70.6899
360,LARAL,-33.2927,-70.8821
361,HTALF,-33.8678,-70.7476
362,PRDC1,-33.4221,-70.6023
363,PRMMF,-33.4288,-70.6203
364,SGUTF,-33.4179,-70.7371
365,SAMLF,-33.541,-70.563
366,TMZC2,-33.4599,-70.6909
367,SPFRF,-33.3806,-70.5679
368,AMA1A,-33.4825,-70.751
369,AMA1C,-33.4825,-70.751
370,VTCNF,-33.4242,-70.5836
371,AMA1E,-33.4825,-70.751
372,YNGC2,-33.4278,-70.7047
373,FBATF,-32.9952,-70.6921
374,HQUEF,-33.8105,-70.6366
375,LANCO,-33.5762,-70.6915
376,MEXPF,-33.4517,-70.6781
377,ATBLA,-33.4552,-70.5482
378,LOCLB,-33.497,-70.6824
379,VIAJA,-33.4499,-70.7713
380,GLETF,-33.4771,-70.6752
381,HIMA2,-33.731,-70.9097
382,AFRRF,-33.4394,-70.7068
383,PINC1,-33.5832,-70.6318
384,HMER2,-33.5096,-70.6811
385,PLNAF,-33.4936,-70.5426
386,PBICF,-33.5069,-70.692
387,VMACO,-33.187,-70.655
388,POA3C,-33.5174,-70.7174
389,BELGI,-33.414,-70.6555
390,POA2A,-33.5174,-70.7174
391,POA2E,-33.5174,-70.7174
392,SLRC1,-33.278,-70.7739
393,LLALM,-33.4408,-70.5995
394,FELHU,-33.3903,-70.5603
395,PHURT,-33.5808,-70.8103
396,VIEJA,-33.6099,-70.5266
397,QQB1E,-33.4881,-70.5776
398,ASRRF,-33.4052,-70.711
399,BRJAF,-33.4606,-70.6829
400,CERXB,-33.4927,-70.7063
401,HAPO1,-33.4187,-70.545
402,MELI2,-33.6775,-71.2297
403,PSJOA,-33.5949,-70.6731
404,LPAEP,-33.6193,-70.6319
405,SBELL,-33.4668,-70.6361
406,HAPO2,-33.4208,-70.5445
407,FEGRE,-33.4675,-70.5473
408,CODOC,-33.361,-70.5065
409,VESMI,-33.3972,-70.7692
410,HAPO6,-33.4119,-70.5301
411,HBCF3,-33.4883,-70.6836
412,HSFC6,-33.4068,-70.5181
413,ESPAJ,-33.4565,-70.6664
414,GUANO,-33.1562,-70.8017
415,HDIR1,-33.4209,-70.7589
416,ALTJA,-33.733000000000004,-70.7244
417,RUTAI,-33.738,-70.9335
418,ACUDF,-33.8577,-70.9342
419,ECHEP,-33.3823,-70.7746
420,SCDLV,-33.4593,-70.8426
421,BHPCP,-33.4038,-70.5702
422,LAMP2,-33.2815,-70.8757
423,HSFC7,-33.4179,-70.5092
424,MTNC3,-33.7146,-70.3409
425,CONOC,-33.1848,-70.6782
426,PENOR,-33.5985,-70.8845
427,TADOU,-33.5575,-70.8211
428,RQLC2,-33.4902,-70.5775
429,JPHF1,-33.4284,-70.5416
430,MPDO1,-33.4155,-70.5407
431,MONTE,-32.9828,-70.8585
432,L6NT1,-33.4845,-70.6944
433,CEPAR,-33.4022,-70.579
434,BEHUA,-33.4398,-70.6534
435,LOCER,-33.5068,-70.5792
436,MIGOM,-33.5594,-70.7679
437,MECUA,-33.4559,-70.7014
438,L1022,-33.4482,-70.6691
439,L1027,-33.4512,-70.6786
440,L1014,-33.4091,-70.5679
441,SAVLE,-33.3258,-70.5439
442,HLAM1,-33.3186,-70.7329
443,MALAR,-33.5938,-70.6016
444,BRAVO,-33.4337,-70.6741
445,APERR,-33.4151,-70.6393
446,PRESS,-33.5347,-70.6708
447,SAPAM,-33.4346,-70.6672
448,ALHUE,-34.0268,-71.1017
449,PCOUF,-33.4992,-70.5692
450,PNRF2,-33.4233,-70.6099
451,GUAKA,-33.3789,-70.6585
452,ALEJS,-33.4726,-70.5635
453,AYRCH,-33.2017,-70.6548
454,LPRFE,-33.2806,-70.6353
455,ERHB1,-33.4872,-70.7258
456,BOLIT,-33.4473,-70.5639
457,CARRF,-33.4195,-70.6626
458,FISAB,-33.5355,-70.7447
459,MVICF,-33.4603,-70.6293
460,RGRCF,-33.4709,-70.5782
461,VESCF,-33.3379,-70.4925
462,L3VF1,-33.4555,-70.5975
463,L3HO1,-33.4516,-70.6502
464,L3VI1,-33.3974,-70.6695
465,TLUCO,-33.482,-70.6498
466,TSTGB,-33.4542,-70.6886
467,MERCD,-33.4381,-70.6458
468,CLIBI,-33.4569,-70.7012
469,HIPCL,-33.4049,-70.6684
470,ESPEF,-33.3683,-70.6623
471,HURFF,-33.4395,-70.6512
472,IRZG1,-33.4556,-70.5931
473,ISIC1,-33.414,-70.6003
474,PZCHF,-33.4081,-70.6595
475,JCASF,-33.4241,-70.6908
476,EYRRE,-33.6094,-70.5543
477,JUDF2,-33.5107,-70.6083
478,L4RMF,-33.5361,-70.5928
479,LALG1,-33.3711,-70.4814
480,LARAN,-33.8905,-71.4214
481,LARIN,-33.5156,-70.8266
482,LAVIF,-33.5251,-70.6271
483,LAZIF,-33.4534,-70.7913
484,LBANF,-33.5521,-70.6503
485,LBLG1,-33.6257,-70.6758
486,APARF,-33.4906,-70.7249
487,CONCH,-33.3826,-70.6871
488,CRENF,-33.4125,-70.6874
489,DGARF,-33.5652,-70.6726
490,SENDF,-33.5482,-70.6294
491,TALAU,-33.6907,-70.953
492,TGCC1,-33.6641,-70.926
493,GUANF,-33.3757,-70.6636
494,PDCOF,-33.3704,-70.6902
495,LDALF,-33.4338,-70.5972
496,DILAC,-33.4774,-70.5252
497,LFLAF,-33.3429,-70.5451
498,LIRF2,-33.4541,-70.6415
499,LOHER,-33.5977,-70.7712
500,LPUAF,-33.5999,-70.5749
501,LUISG,-33.4966,-70.7512
502,MACOF,-33.3576,-70.7403
503,MONPL,-33.4443,-70.6546
504,CERVF,-33.4353,-70.65
505,PAIG1,-33.811,-70.7426
506,LIROF,-33.7787,-70.6961
507,CVALL,-33.4493,-70.8575
508,ABELF,-33.424,-70.6182
509,ACACF,-33.5266,-70.5915
510,ALBAC,-33.3071,-70.6723
511,ALOC1,-33.4188,-70.5641
512,BALG1,-33.6072,-70.5455
513,BMUCF,-33.4325,-70.6687
514,BOTC2,-33.5076,-70.5682
515,CCASN,-33.4921,-70.6174
516,CCHC1,-33.3928,-70.6728
517,CESCR,-33.4335,-70.653
518,CNSC1,-33.522,-70.5802
519,CONSF,-33.4678,-70.5398
520,CVTRF,-33.4414,-70.5853
521,DSCG1,-33.4629,-70.7649
522,EASYQ,-33.4779,-70.579
523,EDSOF,-33.4702,-70.7489
524,ENEBR,-33.5944,-70.5839
525,EOLIF,-33.3983,-70.6865
526,EPOC2,-33.3967,-70.5879
527,ERRAF,-33.4977,-70.7223
528,ESRCF,-33.4094,-70.604
529,FRATO,-33.4365,-70.7278
530,GALAF,-33.4482,-70.693
531,GMIC1,-33.5587,-70.565
532,ELOJE,-33.4258,-70.5997
533,FOTF2,-33.426,-70.6123
534,PLABA,-33.5412,-70.6434
535,VOLAR,-33.3657,-70.7385
536,MOCF2,-33.4375,-70.6541
537,PRIMA,-33.6016,-70.6233
538,PUAC1,-33.6063,-70.577
539,RAMC1,-33.5544,-70.6325
540,RECC1,-33.4061,-70.6442
541,REIG1,-33.4468,-70.5527
542,RJMC1,-33.5396,-70.5757
543,RUOVF,-33.5114,-70.6702
544,SACRF,-33.6025,-70.6689
545,SJESF,-33.5465,-70.6032
546,SJNF2,-33.5829,-70.4426
547,SRSC1,-33.516,-70.6395
548,BUSIS,-33.4456,-70.6305
549,SVEST,-33.4368,-70.7536
550,TINOF,-33.3879,-70.5435
551,VDNOF,-33.486999999999995,-70.6195
552,VTAND,-33.3806,-70.5419
553,NLYON,-33.4214,-70.6125
554,VCHIC,-33.4314,-70.65
555,CLCP2,-33.3854,-70.5295
556,COSNC,-33.4259,-70.6327
557,EDNUA,-33.5076,-70.6586
558,CTDLF,-33.4372,-70.6522
559,HCHMU,-33.5143,-70.565
560,BAHF2,-33.4403,-70.6522
561,HUARA,-33.4284,-70.5594
562,GENER,-33.4594,-70.6102
563,HSFR1,-33.3754,-70.5419
564,MCALF,-33.3918,-70.57300000000001
565,HCVAL,-33.4593,-70.8423
566,HLAMO,-33.3187,-70.733
567,MEPDV,-33.4254,-70.6145
568,AGSC1,-33.4469,-70.6751
569,HBSIL,-33.45,-70.6565
570,MCSNF,-33.4383,-70.6484
571,INDC1,-33.4213,-70.6532
572,TLILA,-33.426,-70.5921
573,DELOI,-33.4053,-70.572
574,MTBLF,-33.5702,-70.5569
575,CAJG1,-33.6322,-70.3343
576,AMEXF,-33.5652,-70.5677
577,LECHE,-33.6344,-70.6097
578,VPAI2,-33.8094,-70.8607
579,MECOL,-33.4262,-70.59100000000001
580,MELOR,-33.4625,-70.5738
581,GENOL,-33.4305,-70.6906
582,MEPRI,-33.4392,-70.5731
583,MEPUE,-33.6098,-70.5755
584,PNOG1,-33.2871,-70.7312
585,FBMOI,-33.4419,-70.6501
586,APUF2,-33.4099,-70.5675
587,PUSF2,-33.4363,-70.6513
588,MATTA,-33.4549,-70.6266
589,VESR5,-33.369,-70.7006
590,COBAF,-33.4385,-70.6524
591,MEIGF,-33.4521,-70.6768
592,LMIR3,-33.6259,-70.7028
593,PAI18,-33.8029,-70.7063
594,C68CB,-33.4325,-71.0286
595,IGNAC,-33.5277,-70.7969
596,LLELO,-33.4223,-70.6054
597,SANT5,-33.5322,-70.6031
598,MANUA,-33.5427,-70.5955
599,PETEO,-33.6115,-70.9014
600,HAP10,-33.4045,-70.5748
601,HAP11,-33.4061,-70.5707
602,MAPLI,-33.3648,-70.6783
603,MAPLA,-33.3659,-70.6784
604,KPRIV,-33.3893,-70.5874
605,IRAPA,-33.6064,-70.5692
606,SSRIE,-33.413000000000004,-70.6001
607,LATRA,-33.4543,-70.7582
608,MEDEP,-33.5032,-70.655
609,HCRC1,-33.3846,-70.6399
610,CEMPR,-33.3894,-70.6109
611,MPEGA,-33.4524,-70.5695
612,MEVES,-33.3809,-70.6459
613,PIODI,-33.4334,-70.6356
614,VIETE,-33.387,-70.5645
615,STATE,-33.5432,-70.5714
616,HUEES,-33.4394,-70.6494
617,RIVSF,-33.4821,-70.6351
618,MPLDO,-33.3549,-70.5174
619,CAN13,-33.4275,-70.6273
620,CQUEF,-33.3639,-70.3509
621,11SEP,-33.4223,-70.6111
622,BARRO,-33.4306,-70.6179
623,HUELE,-33.4233,-70.7399
624,MBOM5,-33.493,-70.5878
625,MDUA1,-33.4594,-70.5716
626,MINOO,-33.436,-70.6303
627,PAINE,-33.8031,-70.7556
628,RVICT,-33.5009,-70.6874
629,MACHO,-33.4258,-70.7184
630,PTIB1,-33.4134,-70.6062
631,FLAVA,-33.4257,-70.5813
632,ROARA,-33.4751,-70.6067
633,PESSJ,-33.6267,-70.8447
634,EOBRA,-33.6274,-70.612
635,MPVSF,-33.5178,-70.5984
636,CBARB,-33.4718,-71.0138
637,CIUSA,-33.5545,-70.795
638,LANBM,-33.3869,-70.7938
639,MAMA1,-33.4803,-70.7517
640,ESAN4,-33.4413,-70.6518
641,PARIL,-33.3067,-70.7008
642,HAGSB,-33.6025,-70.7017
643,MAMA2,-33.4803,-70.7517
644,FAMAM,-33.4799,-70.7516
645,TALGT,-33.6753,-70.9499
646,LUISZ,-33.4119,-70.57300000000001
647,MGENC,-33.4386,-70.6518
648,ALTLS,-33.1399,-70.7054
649,MCFLC,-33.1678,-70.3258
650,CPEZC,-33.1923,-70.3405
651,CTLTD,-33.1437,-70.7147
652,SANTO,-33.4361,-70.6473
653,SANT2,-33.4439,-70.6238
654,PASTA,-33.4345,-70.6348
655,BCILC,-33.4161,-70.5895
656,SANT4,-33.5403,-70.6347
657,MIHF2,-33.4392,-70.6456
658,TPSC1,-33.3284,-70.5316
659,BCIHU,-33.44,-70.6524
660,ABEDF,-33.4075,-70.5997
661,LAVAN,-33.4231,-70.5896
662,MAQUI,-33.3662,-70.7269
663,CARAB,-33.3711,-70.5775
664,FOSF2,-33.417,-70.596
665,SENOS,-33.4334,-70.7076
666,VITAR,-33.7483,-70.9115
667,BMERF,-33.4552,-70.6839
668,LOSCU,-33.4129,-70.6089
669,MCLAF,-33.449,-70.6125
670,MEVIM,-33.5196,-70.5961
671,TALPE,-33.6432,-70.9164
672,PAINC,-33.8139,-70.7483
673,TDIJU,-33.4534,-70.6478
674,AHALF,-33.4435,-70.6506
675,ARRYF,-33.3355,-70.4839
676,ASFRE,-33.4369,-70.7456
677,CACON,-33.329,-70.7266
678,CCVN2,-33.3967,-71.1421
679,HUING,-33.3394,-70.5119
680,MFLOF,-33.5175,-70.6055
681,MTCAR,-33.4296,-70.6275
682,PARC2,-33.4442,-70.6463
683,MELAM,-33.4447,-70.6553
684,MELOH,-33.4462,-70.6603
685,MEREP,-33.4482,-70.6691
686,HPDV2,-33.4485,-70.5822
687,AHMF2,-33.442,-70.6506
688,CHELO,-33.4224,-70.641
689,LIBEB,-33.4275,-70.6808
690,HBVA1,-33.4278,-70.5846
691,DOCTO,-33.4446,-70.5964
692,ALENO,-33.4136,-70.5975
693,CRECE,-33.3737,-70.5487
694,CUETE,-33.4439,-70.5918
695,DLSLT,-33.5375,-70.544
696,SLINE,-33.3676,-70.7105
697,ESTMO,-33.4417,-70.6486
698,FLLCA,-33.4298,-70.5772
699,LDLDE,-33.3402,-70.5286
700,VINOS,-33.4942,-70.6417
701,AGMAC,-33.4407,-70.6468
702,ALACI,-33.4471,-70.6626
703,APIMB,-33.583,-70.5498
704,ACTLE,-33.569,-70.5826
705,HTELW,-33.4158,-70.595
706,UCATC,-33.4437,-70.641
707,IDABA,-33.4264,-70.6539
708,CPAVA,-33.2814,-70.6734
709,BATNO,-33.2282,-70.8022
710,PDVC2,-33.443000000000005,-70.6071
711,HPPUA,-33.6103,-70.5748
712,AGUES,-33.4416,-70.6582
713,MTAJF,-33.4167,-70.6044
714,AMA2B,-33.4825,-70.751
715,VILIQ,-33.4011,-70.7217
716,BUCDE,-33.7367,-70.7395
717,AVLAU,-33.5867,-70.6539
718,SFRFE,-33.4351,-70.7628
719,MECEF,-33.4497,-70.6756
720,PRIME,-33.537,-70.7165
721,SANT7,-33.2638,-70.727
722,SKLCI,-33.416,-70.5863
723,SLSVF,-33.4699,-70.6761
724,AREN3,-33.4625,-70.6615
725,SANEU,-33.5657,-70.7187
726,HLRE4,-33.4389,-70.5398
727,HNUN3,-33.4501,-70.5556
728,HNUN5,-33.4571,-70.5676
729,CHANT,-33.4572,-70.6455
730,TANGO,-33.6144,-70.7214
731,WMQUI,-33.361,-70.7013
732,CMNTA,-33.3328,-70.7443
733,WMHUI,-33.39,-70.6141
734,CUNOE,-33.3884,-71.1259
735,ARQUE,-33.4014,-70.5741
736,BATUC,-33.2284,-70.8392
737,VIGAF,-33.5789,-70.5768
738,MTLCF,-33.4594,-70.6515
739,BOQUE,-33.583,-70.6755
740,BUIC1,-33.7332,-70.735
741,CARLE,-33.4165,-70.7047
742,CNUNF,-33.4536,-70.6052
743,PALTF,-33.4666,-70.5311
744,PFVF2,-33.3558,-70.6756
745,PNCYA,-33.364000000000004,-70.6321
746,RODEO,-33.3487,-70.5164
747,TRINF,-33.5467,-70.5883
748,SATAN,-33.8039,-71.3018
749,HIMA1,-33.7451,-70.8991
750,MCULO,-33.5083,-70.5897
751,JULIE,-33.4511,-70.58800000000001
752,CALEV,-33.3705,-70.7572
753,ESBLA,-33.5118,-70.7305
754,2NENT,-33.5372,-70.6198
755,ENUCL,-33.4269,-70.53
756,LCOPI,-33.5919,-70.7951
757,ELMOO,-33.7707,-71.2201
758,HSFR2,-33.3757,-70.5399
759,FONTA,-33.4193,-70.558
760,MESAA,-33.4383,-70.6481
761,MUNEB,-33.5557,-70.6681
762,NUSIE,-33.8487,-70.7678
763,PARAU,-33.4034,-70.5753
764,PVLPE,-33.4805,-70.6055
765,LILAF,-33.4281,-70.5936
766,CRCV1,-33.4099,-70.5705
767,CRCV2,-33.41,-70.5703
768,ALVAR,-33.4517,-70.5222
769,SANT6,-33.2113,-70.6533
770,PAMON,-33.4079,-70.5497
771,MEBL5,-33.4374,-70.6334
772,LOSEN,-33.5243,-70.5229
773,MEVI5,-33.5263,-70.5968
774,EPOCU,-33.4363,-70.6077
775,NVDG1,-33.3452,-70.5221
776,PRVC2,-33.333,-70.2843
777,CALG1,-33.3972,-70.5351
778,GOMAN,-33.3332,-70.5594
779,METRA,-33.4529,-70.7391
780,MEPUD,-33.4446,-70.7406
781,MEBLA,-33.4416,-70.7073
782,MEARM,-33.4373,-70.6506
783,MENOR,-33.4403,-70.6804
784,MECUM,-33.4391,-70.6684
785,MEART,-33.4368,-70.6389
786,EBPHE,-33.3767,-70.5584
787,ESPAC,-33.3844,-70.6283
788,MEBUS,-33.4428,-70.6316
789,RAPET,-33.3596,-70.5151
790,SSTAM,-33.3074,-70.5418
791,PICHF,-33.5561,-70.723
792,MESTA,-33.4901,-70.7529
793,POA2F,-33.5174,-70.7174
794,MALVI,-33.5339,-70.6506
795,MLINC,-33.4244,-70.6628
796,MBAYR,-33.5114,-70.5574
797,RM027,-33.4606,-70.6783
798,MININ,-33.4431,-70.6538
799,MILAN,-33.4769,-70.6508
800,AAPVI,-33.5951,-70.5386
801,BICHO,-33.2418,-70.6698
802,OCAMC,-33.4515,-70.6736
803,YELCH,-33.4719,-70.7117
804,EFEC2,-33.442,-70.6533
805,NVALB,-33.1649,-70.2866
806,ORRES,-33.4571,-70.5893
807,MABLA,-33.5099,-70.7909
808,5DEUM,-33.4659,-70.7071
809,VALLE,-33.3528,-70.7295
810,SALVA,-33.4355,-70.6262
811,TAPAU,-33.403,-70.5773
812,LPANC,-33.4661,-70.9842
813,ECUAH,-33.451,-70.6856
814,HBIOI,-33.4737,-70.6399
815,GOHBT,-33.4534,-70.6673
816,MPDC2,-33.3736,-70.6922
817,ENOTK,-33.4152,-70.6215
818,HLFL3,-33.4953,-70.6039
819,HTVO0,-33.5042,-70.7481
820,AGAND,-33.4325,-70.6571
821,ITCTS,-33.5376,-70.6644
822,LOSJO,-33.5509,-70.6183
823,MGAV1,-33.5202,-70.6547
824,VILUC,-33.775,-70.7951
825,ALALC,-33.4462,-70.6556
826,VALAM,-33.4438,-70.6557
827,HBACH,-33.504,-70.7573
828,COPES,-33.4673,-70.6308
829,H4ALA,-33.5176,-70.7607
830,MANNE,-33.3994,-70.5699
831,RODOL,-33.4505,-70.5919
832,CAL42,-33.4184,-70.5958
833,CLIMB,-33.371,-70.4644
834,METOC,-33.4523,-70.6587
835,HNUN4,-33.453,-70.565
836,HCHI1,-33.4913,-70.65100000000001
837,ULTRI,-33.4143,-70.6031
838,MEIRA,-33.4538,-70.6288
839,MENUB,-33.4672,-70.6252
840,SATCL,-33.5305,-70.6985
841,SESAN,-33.5428,-70.9012
842,SISAC,-33.4502,-70.6416
843,MARIT,-33.5086,-70.7025
844,TOCAL,-33.6046,-70.5918
845,TOME4,-33.5315,-70.6169
846,ARRAU,-33.4048,-70.5742
847,WATTS,-33.5473,-70.7018
848,ECOR6,-33.437,-70.6326
849,MEMAM,-33.4288,-70.6194
850,MEINS,-33.4065,-70.6432
851,MEPAT,-33.4296,-70.6473
852,MELH2,-33.4455,-70.6603
853,MEPOH,-33.461,-70.6568
854,MEFRA,-33.4757,-70.65
855,MELOV,-33.4964,-70.6527
856,MECIN,-33.5096,-70.6564
857,MELOO,-33.5174,-70.6586
858,MAC2C,-33.4818,-70.5844
859,EATCU,-33.496,-70.6327
860,EDCTR,-33.443000000000005,-70.6547
861,MESAN,-33.4426,-70.645
862,MEULA,-33.4494,-70.6723
863,MEECE,-33.4512,-70.6786
864,MUSAC,-33.4531,-70.6862
865,METPA,-33.4574,-70.71600000000001
866,LARIB,-33.2992,-70.8594
867,ERTEU,-33.5526,-70.7797
868,NTE2U,-33.6791,-70.9859
869,PUENT,-33.5757,-70.5177
870,HUPF2,-33.4395,-70.6499
871,ENTEU,-33.6995,-71.0244
872,INA2U,-33.4947,-70.6627
873,HOIN1,-33.413000000000004,-70.6029
874,PORVG,-33.243,-70.7296
875,HLRE2,-33.4498,-70.5236
876,CCA5H,-33.418,-70.6059
877,CCA2A,-33.418,-70.6059
878,CCA2E,-33.418,-70.6059
879,CCA2O,-33.418,-70.6059
880,CCA1G,-33.418,-70.6059
881,CCA1H,-33.418,-70.6059
882,ACA3A,-33.3904,-70.5474
883,ACA2C,-33.3904,-70.5474
884,PAA2E,-33.4024,-70.579
885,PAA1C,-33.4024,-70.579
886,MAPAC,-33.5098,-70.7578
887,GNDRM,-33.4358,-70.6555
888,ITAB2,-33.4044,-70.5733
889,TBRAS,-33.4008,-70.7453
890,CMEAC,-33.6178,-70.8642
891,CRUCA,-33.6121,-70.7922
892,KCLRK,-33.3024,-70.7095
893,PJGMA,-33.4326,-70.6584
894,LROBL,-33.3825,-70.747
895,CMASC,-33.3983,-70.7957
896,MONU2,-33.5065,-70.6049
897,MONU1,-33.5065,-70.6049
898,MENA3,-33.4657,-70.6108
899,MENA4,-33.4657,-70.6108
900,VILLR,-33.8188,-70.7329
901,HSFC1,-33.4013,-70.5256
902,L6NU1,-33.4845,-70.6944
903,L6NU4,-33.4774,-70.6418
904,BEAM1,-33.4436,-70.6524
905,STDB2,-33.4412,-70.6522
906,AGRIF,-33.4995,-70.5969
907,ATRRF,-33.4815,-70.7257
908,AVPAZ,-33.4239,-70.6507
909,EYZAF,-33.617,-70.60300000000001
910,GOBC1,-33.423,-70.6768
911,HCARF,-33.4971,-70.7613
912,EDIRF,-33.4134,-70.5665
913,POYAF,-33.3735,-70.6332
914,MONTC,-33.3113,-70.7151
915,RBAKF,-33.4287,-70.7223
916,TAPUD,-33.4067,-70.795
917,VGRAF,-33.3112,-70.7388
918,L3N01,-33.4532,-70.5709
919,L3N03,-33.4555,-70.5975
920,L3N04,-33.4583,-70.643
921,L3N05,-33.4546,-70.6281
922,L3N06,-33.4583,-70.643
923,L3N07,-33.4516,-70.6502
924,L3N11,-33.3974,-70.6695
925,L3N12,-33.3852,-70.6795
926,L3N02,-33.4555,-70.5975
927,FBCA1,-33.4378,-70.6571
928,FBCA3,-33.4378,-70.6571
929,CERC1,-33.4875,-70.7033
930,CORF2,-33.4367,-70.632
931,DARAF,-33.3908,-70.5404
932,EUSAF,-33.4161,-70.6009
933,JERC1,-33.3938,-70.558
934,LPCSF,-33.4962,-70.5318
935,LRRC1,-33.4542,-70.5309
936,PUNTI,-33.7261,-71.0019
937,CECH1,-33.5953,-70.7309
938,ELMA2,-33.5832,-70.3749
939,MATXB,-33.4349,-70.6814
940,NUNC1,-33.4486,-70.5725
941,ORTRF,-33.3932,-70.6424
942,PLING,-33.463,-70.5971
943,VCASF,-33.4313,-70.6098
944,ZPTG1,-33.3891,-71.2666
945,SACOX,-33.4669,-70.6525
946,NARVK,-33.4067,-70.5662
947,PELYA,-33.4309,-70.6229
948,FLXCF,-33.4243,-70.6128
949,AOSSF,-33.4374,-70.5738
950,LPALF,-33.4224,-70.6094
951,MJTC1,-33.4374,-70.6497
952,TEAHU,-33.4399,-70.6555
953,SUCC1,-33.4481,-70.5993
954,REI2N,-33.4447,-70.5439
955,APORF,-33.5187,-70.7891
956,MELAB,-33.4184,-70.6016
957,OCNC1,-33.4429,-70.7706
958,PENC1,-33.479,-70.5577
959,VICEP,-33.4007,-70.5628
960,RMPC1,-33.6182,-70.6222
961,VFRAF,-33.4686,-70.7012
962,MOVPV,-33.5167,-70.6005
963,BATUF,-33.2395,-70.8066
964,JATOF,-33.527,-70.5625
965,MCA2F,-33.4427,-70.6465
966,PA18F,-33.5306,-70.5853
967,ENCC1,-33.4711,-70.6144
968,ROSAF,-33.4346,-70.6557
969,PAR14,-33.5217,-70.5962
970,PARTF,-33.4326,-70.6476
971,JQVED,-33.5009,-70.6066
972,QUILN,-33.3501,-70.7166
973,FELIU,-33.3212,-70.6461
974,MAPC1,-33.5082,-70.719
975,DINCF,-33.411,-70.5733
976,ACHNF,-33.2848,-70.6938
977,PPTAF,-33.8294,-71.3202
978,PSURF,-33.6188,-70.5721
979,HUPEF,-33.3973,-70.5823
980,BUSTF,-33.439,-70.594
981,CLQC2,-33.5439,-70.744
982,COLG1,-33.1751,-70.6529
983,PACHF,-33.562,-70.7072
984,VHERF,-33.5322,-70.775
985,DORSF,-33.3999,-70.6579
986,ALONS,-33.4016,-70.5969
987,ELYAF,-33.4301,-70.6029
988,CHPC1,-33.4651,-70.6736
989,DMNC2,-33.4083,-70.5477
990,CNLOF,-33.4206,-70.5948
991,EESF2,-33.4157,-70.5753
992,TRAC1,-33.3863,-70.5589
993,PVSG1,-33.517,-70.5956
994,SULDE,-33.3592,-70.5182
995,SUNLC,-33.3926,-70.544
996,QLCG1,-33.3693,-70.7242
997,MONG1,-33.6776,-70.9999
998,MRPG2,-33.5189,-71.1108
999,POMC2,-33.6604,-71.1454
1000,CCA1B,-33.418,-70.6059
1001,CCY1D,-33.418,-70.6059
1002,CCY4C,-33.418,-70.6059
1003,CEMPA,-33.8033,-70.74
1004,LHTTF,-33.4023,-70.5778
1005,ATICF,-33.4627,-70.6056
1006,NATNL,-33.4461,-70.6535
1007,AMBXF,-33.3967,-70.7936
1008,PUINC,-33.397,-70.7937
1009,LIRUF,-33.7634,-70.7391
1010,PDEPF,-33.51,-70.625
1011,PAA1I,-33.4024,-70.579
1012,PAX1A,-33.4024,-70.579
1013,MLILD,-33.3523,-70.5209
1014,MELA4,-33.4186,-70.6014
1015,ASOLC,-33.5113,-70.7998
1016,ACARO,-33.4411,-70.5427
1017,TAVAN,-33.3599,-70.2484
1018,CJHUA,-33.3408,-70.4664
1019,EPARF,-33.5313,-70.645
1020,GMRIF,-33.3696,-70.7343
1021,CONQF,-33.4203,-70.6173
1022,PIRF2,-33.5056,-70.5372
1023,GRJC1,-33.5399,-70.6143
1024,LTHSF,-33.532,-70.5506
1025,RULOF,-33.6866,-70.6755
1026,AGUAF,-33.495,-70.6558
1027,GOREF,-33.4443,-70.7002
1028,PUNPF,-33.4435,-70.7519
1029,WSMTF,-33.4089,-70.5679
1030,AMA2E,-33.4825,-70.751
1031,LAGSU,-33.4604,-70.7519
1032,FLBAF,-33.434,-70.54
1033,SAEXF,-33.4353,-70.62
1034,POA3E,-33.5174,-70.7174
1035,POA1B,-33.5174,-70.7174
1036,POA1C,-33.5174,-70.7174
1037,PZARF,-33.485,-70.58800000000001
1038,AJINE,-33.4584,-70.6189
1039,MRCOF,-33.6086,-71.1167
1040,MVCC2,-33.3712,-70.652
1041,CALLF,-33.418,-70.59100000000001
1042,15COS,-33.4425,-70.7589
1043,HAPO3,-33.4228,-70.5418
1044,PRAEJ,-33.6142,-70.5975
1045,HAPO4,-33.4232,-70.5442
1046,HAPO7,-33.4034,-70.5313
1047,HAPO8,-33.4101,-70.5265
1048,HUEQO,-33.8341,-70.6422
1049,CHILC,-32.9255,-70.8052
1050,NICUR,-33.4035,-70.5928
1051,HSFC5,-33.4009,-70.5097
1052,LOCAM,-33.3721,-71.0551
1053,SELEN,-33.224000000000004,-70.7224
1054,PESCE,-33.5445,-70.7618
1055,SNPAS,-33.4142,-70.5808
1056,MACRE,-33.5821,-70.6066
1057,LRUCF,-33.4399,-70.6407
1058,TPOS2,-33.4449,-70.6364
1059,QLMG1,-33.8914,-71.4888
1060,L6NL3,-33.4626,-70.6068
1061,L6NT3,-33.4774,-70.6418
1062,L6NT6,-33.4542,-70.6051
1063,ALCC1,-33.391,-70.5453
1064,MELOD,-33.4079,-70.5448
1065,MESMI,-33.4141,-70.5843
1066,L1016,-33.4141,-70.5843
1067,L1006,-33.4079,-70.5448
1068,L1018,-33.4141,-70.5843
1069,L1015,-33.4091,-70.5679
1070,HBCA1,-33.3779,-70.6139
1071,ANITA,-33.5196,-70.689
1072,TAUAS,-33.5527,-70.6171
1073,CTJG1,-33.3666,-70.6956
1074,GRFCO,-33.5656,-70.6543
1075,BEBAN,-33.4425,-70.6518
1076,HASO1,-33.5098,-70.7949
1077,5ANUE,-33.458,-70.6874
1078,SUPDV,-33.4457,-70.6068
1079,TRAMF,-33.5441,-70.6713
1080,EVERG,-33.4305,-70.5945
1081,CNH12,-33.4211,-70.7183
1082,MCLF2,-33.4689,-70.5976
1083,L3IR1,-33.4583,-70.643
1084,MARTA,-33.4588,-70.7327
1085,EMB02,-33.439,-70.6543
1086,CIH12,-33.5246,-70.6545
1087,SAND1,-33.4746,-70.6278
1088,SCPAV,-33.4347,-70.5517
1089,CTGG1,-33.6303,-70.7664
1090,LOCAE,-33.376,-70.7252
1091,RIVAD,-33.5222,-70.6404
1092,NIEVF,-33.616,-70.5641
1093,LCMAF,-33.5761,-70.7019
1094,LEPC1,-33.5353,-70.6958
1095,LPRC1,-33.443000000000005,-70.7149
1096,MCLLF,-33.4268,-70.5721
1097,HOSSJ,-33.4139,-70.653
1098,MELC2,-33.6847,-71.2154
1099,COUC1,-33.5078,-70.5541
1100,CSBDF,-33.5883,-70.6957
1101,DIRAF,-33.4499,-70.6217
1102,DPCRZ,-33.5115,-70.5766
1103,ENEAP,-33.4341,-70.7858
1104,FANC1,-33.4564,-70.6603
1105,FAROF,-33.4059,-70.5601
1106,FONTU,-33.3484,-70.6701
1107,SAJOH,-33.379,-70.4951
1108,LAREN,-33.4558,-70.7064
1109,RCANF,-33.4341,-70.6217
1110,RDBHF,-33.4577,-70.5193
1111,RMSRF,-33.6263,-70.6309
1112,TOBAL,-33.4354,-70.5921
1113,VITC1,-33.3913,-70.5715
1114,MSPOF,-33.3707,-70.5064
1115,LOBLA,-33.5883,-70.643
1116,BCIAF,-33.4409,-70.653
1117,HLASC,-33.5228,-70.6036
1118,HMAR2,-33.3999,-70.5745
1119,HROMA,-33.5359,-70.5858
1120,ELYEU,-33.7975,-70.2131
1121,TLPRA,-33.4595,-70.964
1122,MEGOL,-33.4164,-70.5956
1123,MESAL,-33.4337,-70.6262
1124,MEFSF,-33.4179,-70.5941
1125,MPEMF,-33.4138,-70.5843
1126,MSIGF,-33.4142,-70.5927
1127,HCABA,-33.5874,-70.688
1128,LRHB1,-33.4573,-70.7159
1129,MESOB,-33.497,-70.7572
1130,MELME,-33.6021,-70.5772
1131,MELOP,-33.4798,-70.5787
1132,CADIF,-33.4427,-70.6433
1133,MELAU,-33.673,-71.2077
1134,OBSER,-33.5919,-70.6325
1135,BMATT,-33.7055,-70.7473
1136,AGSTF,-33.4402,-70.6449
1137,PDREA,-33.5086,-70.6148
1138,MMQHF,-33.396,-70.5722
1139,HYATT,-33.4043,-70.5832
1140,MJCIH,-33.4401,-70.6566
1141,TLGG1,-33.6555,-70.9422
1142,MHBLF,-33.4852,-70.6445
1143,CLAND,-33.4062,-70.5034
1144,CLALD,-33.3558,-70.52600000000001
1145,UAND2,-33.4065,-70.5073
1146,SUPOE,-33.5181,-70.7171
1147,ACARF,-33.3872,-70.6573
1148,MARTI,-33.4371,-70.6583
1149,MEBIL,-33.4315,-70.5846
1150,ENACN,-33.4635,-70.6118
1151,INAVR,-33.3811,-70.6414
1152,AGUCO,-33.3167,-70.7475
1153,CAHEN,-33.4178,-70.5926
1154,BELET,-33.4255,-70.6191
1155,ONEMI,-33.4687,-70.664
1156,ELBAU,-33.6333,-70.7369
1157,EMOGA,-33.3571,-70.6994
1158,MARTC,-33.3957,-70.7409
1159,CHHBT,-33.4602,-70.6631
1160,TAPLA,-33.6636,-70.9327
1161,EDBIC,-33.4424,-70.6549
1162,EDB2C,-33.4424,-70.6549
1163,ESALT,-33.4056,-70.6238
1164,CTLTS,-33.1437,-70.7147
1165,ALCAL,-33.4169,-70.5888
1166,MSMH2,-33.4402,-70.6556
1167,JPHF2,-33.4284,-70.5416
1168,HDIGA,-33.5751,-70.6741
1169,VTRTC,-33.4117,-70.5799
1170,LANES,-33.4432,-70.649
1171,FCORR,-33.3923,-70.592
1172,TSMAQ,-33.3717,-70.5839
1173,TCUMF,-33.4366,-70.6715
1174,PEGAN,-33.452,-70.5712
1175,RITOS,-33.4573,-70.7216
1176,SDISI,-33.4495,-70.6475
1177,PARJC,-33.4779,-70.5352
1178,MESIB,-33.4459,-70.572
1179,CENAV,-33.4308,-70.7161
1180,BAJON,-33.6408,-70.6272
1181,ESTC1,-33.4324,-70.6549
1182,SVIAR,-33.264,-70.6806
1183,BSURF,-33.4667,-70.5849
1184,SUAPV,-33.416,-70.5936
1185,CIALA,-33.3899,-70.7663
1186,HILAR,-33.429,-70.7851
1187,SNLEO,-33.6396,-70.6916
1188,LUCIF,-33.4394,-70.6443
1189,MSAHU,-33.4542,-70.6923
1190,ECOR3,-33.4368,-70.6326
1191,PDTSA,-33.4957,-70.6232
1192,REVIZ,-33.1994,-70.4676
1193,CLCEH,-33.384,-70.5306
1194,MIRA3,-33.416,-70.6066
1195,MVLTO,-33.3565,-70.5394
1196,SBERN,-33.6103,-70.7042
1197,HBLAN,-33.4186,-70.6091
1198,EDA11,-33.4054,-70.5747
1199,CALER,-33.6138,-70.816
1200,ESMER,-33.1871,-70.6475
1201,HLRE5,-33.4409,-70.5498
1202,HNUN2,-33.4332,-70.5604
1203,ELPOU,-33.5356,-70.5665
1204,E298U,-33.4206,-70.6003
1205,EDUAU,-33.4126,-70.6806
1206,HBCFR,-33.4885,-70.6834
1207,JLCOF,-33.3942,-70.5791
1208,RCHC2,-33.5537,-70.7057
1209,SLUIF,-33.3642,-70.7522
1210,VABLF,-33.4141,-70.6038
1211,CSKIF,-33.3462,-70.2912
1212,BIARR,-33.4328,-70.6088
1213,HTALG,-33.6525,-70.9278
1214,PSTPV,-33.4521,-70.7808
1215,CACUL,-33.8525,-70.8476
1216,CLONR,-33.7553,-70.8173
1217,CIPIN,-33.6244,-70.6937
1218,CONSD,-33.4511,-70.6543
1219,ECOR5,-33.4368,-70.6325
1220,ISMAQ,-33.4229,-70.5648
1221,LLEON,-33.5486,-70.6657
1222,PDISI,-33.4334,-70.6564
1223,MALEF,-33.4429,-70.649
1224,PEFO2,-33.3405,-70.6744
1225,PROCG,-33.4275,-70.6178
1226,ERULO,-33.5659,-70.5386
1227,SBOC2,-33.4466,-70.5865
1228,MENA2,-33.4657,-70.6108
1229,MESA5,-33.4383,-70.6598
1230,SURAA,-33.4115,-70.5796
1231,MHSNJ,-33.4183,-70.6568
1232,ELREM,-33.4186,-70.5203
1233,HMCSB,-33.4521,-70.6802
1234,MFCEF,-33.5108,-70.6069
1235,GOLFA,-33.3795,-70.5581
1236,HURC1,-33.5684,-70.8133
1237,MFRA1,-33.4407,-70.7284
1238,POA3G,-33.5174,-70.7174
1239,VPAIN,-33.7851,-70.8182
1240,FBRFC,-33.4198,-70.5983
1241,LUISA,-33.3415,-70.7434
1242,HBIOB,-33.474000000000004,-70.6437
1243,PALT2,-33.5954,-70.5778
1244,GRALA,-33.4619,-70.6955
1245,SANT3,-33.4194,-70.53399999999999
1246,LAUMA,-33.2135,-70.9205
1247,AWARE,-33.4106,-70.5766
1248,RAMON,-33.6257,-70.5536
1249,ESQBH,-33.4497,-70.6839
1250,BERGA,-33.4163,-70.5587
1251,MUNIS,-33.437,-70.6502
1252,NCITA,-33.4166,-70.598
1253,TENIS,-33.4337,-70.6428
1254,NCESA,-33.4398,-70.6745
1255,EPANF,-33.4238,-70.6104
1256,MEISA,-33.4471,-70.6304
1257,ROSMO,-33.4355,-70.6542
1258,ROSMA,-33.4359,-70.6584
1259,QQA1D,-33.4881,-70.5776
1260,NULCF,-33.4044,-70.57300000000001
1261,METAR,-33.4152,-70.5896
1262,SUBEC,-33.4446,-70.6567
1263,MEZAP,-33.3911,-70.6426
1264,MEPCA,-33.4332,-70.6518
1265,MESNA,-33.4383,-70.6599
1266,MEROZ,-33.4703,-70.6563
1267,MELLA,-33.4828,-70.649
1268,MESAM,-33.4887,-70.6511
1269,MEPAR,-33.5265,-70.6614
1270,MEBAQ,-33.4374,-70.6343
1271,MEUCH,-33.4433,-70.649
1272,MSPAB,-33.4445,-70.7233
1273,ARRA2,-33.4048,-70.5742
1274,EBUST,-33.4374,-70.6328
1275,FRANU,-33.473,-70.648
1276,BAHIA,-33.5692,-70.6043
1277,PADRE,-33.6391,-70.6731
1278,EMUSE,-33.457,-70.7022
1279,CCA5L,-33.418,-70.6059
1280,CCA3C,-33.418,-70.6059
1281,CCA2Q,-33.418,-70.6059
1282,CCA1K,-33.418,-70.6059
1283,CCY1K,-33.418,-70.6059
1284,ACA1D,-33.3904,-70.5474
1285,ACY3A,-33.3904,-70.5474
1286,PAA2F,-33.4024,-70.579
1287,HIARI,-33.429,-70.7851
1288,RILAP,-33.471,-70.5295
1289,HBLCC,-33.3795,-70.5292
1290,NCCOR,-33.4253,-70.5506
1291,EMON1,-33.507,-70.605
1292,MPDO3,-33.4155,-70.5407
1293,MPDOI,-33.4155,-70.5407
1294,MCTAF,-33.3826,-70.5351
1295,MSMGF,-33.4217,-70.6089
1296,L6NW1,-33.4845,-70.6944
1297,L6NW2,-33.4774,-70.6418
1298,L6NU3,-33.4774,-70.6418
1299,BEAM2,-33.4436,-70.6524
1300,TORME,-33.2304,-70.4089
1301,CHUF2,-33.2913,-70.6565
1302,LOBOF,-33.3844,-70.7585
1303,NOVIC,-33.3996,-70.8562
1304,L3N08,-33.4438,-70.6498
1305,L3N13,-33.3658,-70.6907
1306,FBCA2,-33.4378,-70.6571
1307,ITAR1,-33.436,-70.6463
1308,CCMG1,-33.7006,-71.234
1309,LCDC1,-33.4155,-70.5868
1310,PIRQF,-33.6336,-70.5728
1311,PQBC2,-33.5242,-70.6104
1312,QNRG1,-33.4362,-70.6917
1313,SCAG1,-33.3953,-70.5007
1314,SCOX2,-33.4669,-70.6525
1315,GAIF2,-33.4404,-70.6493
1316,GVIJF,-33.425,-70.6099
1317,CCQVF,-33.359,-70.4789
1318,TOJDF,-33.4178,-70.6034
1319,MFLEF,-33.4312,-70.5658
1320,LOREL,-33.4389,-70.5681
1321,COSNO,-33.4364,-70.6338
1322,LESTF,-33.4271,-70.7516
1323,AVIUM,-33.4403,-70.6263
1324,HMPUD,-33.4493,-70.7559
1325,RQLC1,-33.4902,-70.5775
1326,REDUR,-33.3911,-70.5066
1327,APQC1,-33.408,-70.5569
1328,LONQF,-33.6433,-70.8135
1329,TREPA,-33.5775,-70.8002
1330,MENAZ,-33.4657,-70.6108
1331,PNFG1,-33.6065,-70.8932
1332,TTEC1,-33.4555,-70.7416
1333,CCA5B,-33.418,-70.6059
1334,CCA4H,-33.418,-70.6059
1335,UCAC1,-33.4382,-70.6382
1336,CCA2I,-33.418,-70.6059
1337,CCA2J,-33.418,-70.6059
1338,CCA1A,-33.418,-70.6059
1339,CCY1B,-33.418,-70.6059
1340,CCY1H,-33.418,-70.6059
1341,CCY2B,-33.418,-70.6059
1342,MSSAF,-33.425,-70.6142
1343,ARENA,-33.4627,-70.6618
1344,ACA3E,-33.3904,-70.5474
1345,EAVC1,-33.5698,-70.6834
1346,ACA1H,-33.3904,-70.5474
1347,ACY1A,-33.3904,-70.5474
1348,ACY6A,-33.3904,-70.5474
1349,PAA3C,-33.4024,-70.579
1350,PAA3F,-33.4024,-70.579
1351,CSARF,-33.4709,-70.5214
1352,REFOR,-33.4879,-70.7623
1353,ESRI2,-33.3838,-70.6255
1354,SMGVF,-33.3694,-70.5592
1355,SSTTE,-33.37,-70.5486
1356,HBUI3,-33.7226,-70.7415
1357,POA3F,-33.5174,-70.7174
1358,POA2C,-33.5174,-70.7174
1359,POA1A,-33.5174,-70.7174
1360,CURAO,-33.4024,-71.1281
1361,HVIRE,-33.5206,-70.7513
1362,QQY1A,-33.4881,-70.5776
1363,NEVF2,-33.3536,-70.2487
1364,AATCU,-33.6994,-70.9733
1365,TBSUD,-33.3672,-70.497
1366,HBCF1,-33.4844,-70.687
1367,HAPO9,-33.4023,-70.5275
1368,HLCO3,-33.4285,-70.5713
1369,L6NL1,-33.4845,-70.6944
1370,L6NT4,-33.4774,-70.6418
1371,L6NT7,-33.4208,-70.6088
1372,MEHEM,-33.408,-70.5556
1373,SUBIT,-33.3679,-70.5468
1374,SCLDP,-33.3269,-70.5191
1375,CAVIC,-33.3941,-71.1335
1376,MELLF,-33.6639,-71.2699
1377,TUKE1,-33.4081,-70.5994
1378,SCCH1,-33.3239,-70.6348
1379,SAND3,-33.4746,-70.6278
1380,SUMI1,-33.4404,-70.6487
1381,SALC2,-33.4425,-70.5189
1382,LVINF,-33.3848,-70.5168
1383,HBBAR,-33.3883,-70.685
1384,AVESE,-33.5486,-70.6574
1385,HMUVI,-33.3987,-70.6011
1386,CAMEL,-33.6626,-70.7461
1387,HPDV3,-33.4525,-70.5915
1388,MBIRF,-33.4201,-70.5986
1389,CASAS,-33.0204,-70.6878
1390,ELMAN,-33.5826,-70.4011
1391,MFLXF,-33.4225,-70.6128
1392,MEGRE,-33.4688,-70.5762
1393,MEPEG,-33.4533,-70.5707
1394,TRBAN,-33.4394,-70.6477
1395,ABTIS,-33.4057,-70.5725
1396,BOLLF,-33.6035,-71.2036
1397,MHPIF,-33.5838,-70.6759
1398,LPUEM,-33.5595,-70.6613
1399,RCECV,-33.4595,-70.5801
1400,KAUCM,-33.4616,-70.7158
1401,VTRMA,-33.4758,-70.619
1402,MSMA1,-33.4327,-70.6284
1403,MSMA2,-33.4327,-70.6284
1404,HFCOF,-33.4439,-70.6482
1405,GBONF,-33.4534,-70.7265
1406,AMERF,-33.5962,-70.7122
1407,PAST2,-33.4151,-70.5936
1408,ECVTR,-33.3942,-70.6182
1409,HBCAL,-33.3779,-70.6139
1410,PDVC3,-33.443000000000005,-70.6071
1411,MSVRF,-33.4371,-70.6255
1412,TONAI,-33.4533,-70.6523
1413,HNUN9,-33.4613,-70.5781
1414,CAUPO,-33.3356,-70.6958
1415,NATC2,-33.4463,-70.6521
1416,CHRMB,-33.5628,-71.2079
1417,MESOU,-33.4382,-70.6599
1418,CAPJU,-33.4391,-70.653
1419,CAMCH,-33.419000000000004,-70.6091
1420,HNUN7,-33.4536,-70.5593
1421,ENERF,-33.4447,-70.6453
1422,LEHB1,-33.5125,-70.6971
1423,PIRQ2,-33.6691,-70.5837
1424,PFMEN,-33.5789,-70.7106
1425,PAHB1,-33.4738,-70.7437
1426,AVLCL,-33.3979,-70.6424
1427,MENA1,-33.4657,-70.6108
1428,MESAP,-33.4449,-70.7232
1429,UDDEI,-33.3927,-70.5025
1430,CIHB1,-33.5408,-70.6813
1431,COCE3,-33.4175,-70.6062
1432,HSBRJ,-33.4609,-70.6417
1433,POA3A,-33.5174,-70.7174
1434,POA2G,-33.5174,-70.7174
1435,MRIVV,-33.4673,-70.711
1436,HPIND,-33.3993,-70.5866
1437,COPHU,-33.4133,-70.5484
1438,14COS,-33.5431,-70.686
1439,FRMCI,-33.4075,-70.5718
1440,SEPRE,-33.4422,-70.6528
1441,FOSIS,-33.4379,-70.6441
1442,MPENO,-33.5815,-70.8761
1443,VIELU,-33.4608,-70.657
1444,ROBES,-33.4557,-70.6547
1445,QQB1F,-33.4881,-70.5776
1446,ESA11,-33.4417,-70.6522
1447,MEDOR,-33.3968,-70.6429
1448,MECEB,-33.4227,-70.6452
1449,MENEP,-33.4515,-70.7227
1450,MEMAN,-33.4091,-70.5679
1451,HOIN2,-33.413000000000004,-70.6029
1452,HLRE1,-33.4382,-70.5299
1453,UCSJA,-33.4979,-70.6155
1454,CCA4P,-33.418,-70.6059
1455,CCA3E,-33.418,-70.6059
1456,CCA2C,-33.418,-70.6059
1457,CCY4B,-33.418,-70.6059
1458,ACA1I,-33.3904,-70.5474
1459,PAA2D,-33.4024,-70.579
1460,BCIF1,-33.4424,-70.6495
1461,EJTOE,-33.4533,-70.6601
1462,GSCO1,-33.436,-70.6524
1463,CTIEL,-33.5192,-70.7552
1464,RDMLC,-33.4056,-70.5746
1465,SAAL1,-33.412,-70.5796
1466,FALLD,-33.4158,-70.54
1467,L6NW3,-33.4542,-70.6051
1468,L6NU2,-33.4791,-70.6646
1469,BEAM3,-33.4436,-70.6524
1470,BRPL1,-33.4064,-70.5743
1471,BRPL4,-33.4064,-70.5743
1472,L6NU5,-33.4626,-70.6068
1473,L6NU6,-33.4542,-70.6051
1474,STA11,-33.4408,-70.6497
1475,L6NU7,-33.4208,-70.6088
1476,A2EN1,-33.4051,-70.5762
1477,ALOVA,-33.4229,-70.6219
1478,APOPE,-33.5598,-70.5518
1479,HBOM2,-33.4953,-70.6039
1480,ECOR1,-33.4369,-70.6327
1481,HFAR1,-33.4053,-70.5594
1482,PARC1,-33.4442,-70.6463
1483,LFRNF,-33.4111,-70.7007
1484,LGLAF,-33.3952,-70.5228
1485,SUMPI,-33.6848,-71.2153
1486,CCA3H,-33.418,-70.6059
1487,CCY2A,-33.418,-70.6059
1488,CCY5C,-33.418,-70.6059
1489,ACA2E,-33.3904,-70.5474
1490,ACY4A,-33.3904,-70.5474
1491,PAY1A,-33.4024,-70.579
1492,ANTPR,-33.4092,-70.6357
1493,AMY1A,-33.4825,-70.751
1494,POA2B,-33.5174,-70.7174
1495,TID5C,-33.4133,-70.6038
1496,HLFL1,-33.4878,-70.6066
1497,BOTAS,-33.5274,-70.7116
1498,HMPU3,-33.4491,-70.7564
1499,HDIR2,-33.4203,-70.7542
1500,HSFC2,-33.3958,-70.5111
1501,HSFC4,-33.3965,-70.5057
1502,SNPA2,-33.4142,-70.5808
1503,L6NL2,-33.4774,-70.6418
1504,L6NT5,-33.4626,-70.6068
1505,MAO12,-33.4626,-70.6613
1506,L1004,-33.4079,-70.5448
1507,L1012,-33.4091,-70.5679
1508,L1026,-33.4512,-70.6786
1509,L1013,-33.4091,-70.5679
1510,L1017,-33.4141,-70.5843
1511,HTR13,-33.5354,-70.6036
1512,SALC1,-33.44,-70.5208
1513,SCMMO,-33.4469,-70.5283
1514,MASR3,-33.4054,-70.7055
1515,MATUF,-33.4505,-70.6789
1516,CLIP2,-33.3176,-70.8591
1517,AVEMA,-33.472,-70.7574
1518,PCNT2,-33.3927,-70.5974
1519,FEDIS,-33.4342,-70.6615
1520,EPSU1,-33.4059,-70.5748
1521,MESJO,-33.4986,-70.6159
1522,PLATF,-33.5734,-70.6359
1523,AREN2,-33.4626,-70.6622
1524,AAANT,-33.5445,-70.6335
1525,CARC2,-33.4921,-70.6174
1526,PJUDI,-33.4402,-70.6567
1527,BBVA1,-33.4131,-70.6038
1528,HBCUR,-33.4108,-71.1486
1529,HBTR2,-33.3925,-70.5538
1530,BIAR2,-33.4328,-70.6088
1531,TCNT1,-33.4382,-70.6453
1532,TCNT2,-33.4382,-70.6453
1533,COAGF,-33.4408,-70.65
1534,PARV2,-33.3366,-70.2894
1535,MBORG,-33.429,-70.6189
1536,HLRE7,-33.4567,-70.5361
1537,IBMPI,-33.4336,-70.6258
1538,MONAN,-33.5931,-70.5406
1539,HPSBC,-33.5932,-70.7034
1540,EDCT2,-33.4433,-70.6547
1541,RIESC,-33.4112,-70.5884
1542,MEPAZ,-33.5101,-70.757
1543,MFRA3,-33.4368,-70.7356
1544,PEDRF,-33.5086,-70.6148
1545,EMCOO,-33.4498,-70.6566
1546,EMATT,-33.4049,-70.5732
1547,MEVIV,-33.5275,-70.5967
1548,HNUN6,-33.4595,-70.5619
1549,MACDC,-33.3904,-70.5474
1550,LPDTE,-33.4764,-70.568
1551,FBROI,-33.4357,-70.661
1552,QQA1B,-33.4881,-70.5776
1553,VIZCL,-33.5968,-70.5203
1554,LVYBM,-33.8284,-70.0588
1555,HMARF,-33.3999,-70.5745
1556,CUHIE,-33.3874,-71.1906
1557,MERCA,-33.4349,-70.6516
1558,CCA4G,-33.418,-70.6059
1559,CCA4O,-33.418,-70.6059
1560,CCA3J,-33.418,-70.6059
1561,CCA3O,-33.418,-70.6059
1562,ACA3G,-33.3904,-70.5474
1563,ACA3H,-33.3904,-70.5474
1564,ACY2A,-33.3904,-70.5474
1565,PAA1J,-33.4024,-70.579
1566,PAY4A,-33.4024,-70.579
1567,BASF2,-33.4342,-70.653
1568,MPRT2,-33.611,-70.8865
1569,EMON2,-33.507,-70.605
1570,PSCH1,-33.4099,-70.5727
1571,ABTS1,-33.5951,-70.715
1572,STAG7,-33.4408,-70.6497
1573,STA10,-33.4408,-70.6497
1574,STA12,-33.4408,-70.6497
1575,EMC02,-33.439,-70.6543
1576,L3N09,-33.433,-70.6517
1577,L3N10,-33.4179,-70.6561
1578,SUMI2,-33.4404,-70.6487
1579,MENAC,-33.4657,-70.6108
1580,PIROJ,-33.2608,-70.6246
1581,SUHU2,-33.4402,-70.6556
1582,SUSBE,-33.5914,-70.7062
1583,CCA5D,-33.418,-70.6059
1584,CCY1E,-33.418,-70.6059
1585,CCY4A,-33.418,-70.6059
1586,CCY5A,-33.418,-70.6059
1587,CLCDF,-33.3851,-70.5326
1588,ACA1B,-33.3904,-70.5474
1589,PAA1E,-33.4024,-70.579
1590,PAA1G,-33.4024,-70.579
1591,PAA1H,-33.4024,-70.579
1592,AMA1B,-33.4825,-70.751
1593,ALAF2,-33.4452,-70.6551
1594,QQA1C,-33.4881,-70.5776
1595,QQB1B,-33.4881,-70.5776
1596,HSFC3,-33.3801,-70.5129
1597,SCLAD,-33.3881,-70.582
1598,L6NT2,-33.4791,-70.6807
1599,L1029,-33.4531,-70.6862
1600,INDED,-33.3993,-70.6689
1601,L1007,-33.4079,-70.5448
1602,LATA2,-33.3969,-70.7925
1603,CNH13,-33.4212,-70.7247
1604,HTR22,-33.5395,-70.5985
1605,SCSAP,-33.2666,-70.6347
1606,CNH11,-33.424,-70.7192
1607,SCJR1,-33.2612,-70.6456
1608,EMA02,-33.439,-70.6543
1609,EMX01,-33.439,-70.6543
1610,SCHMI,-33.4514,-70.5397
1611,SCPEE,-33.4422,-70.5531
1612,QNACA,-33.5009,-70.5275
1613,DIGOR,-33.4444,-70.6176
1614,VIAMU,-33.3653,-70.579
1615,MREYF,-33.4169,-70.5976
1616,HMAR3,-33.3999,-70.5745
1617,TCJJP,-33.43,-70.7269
1618,GILLC,-33.3796,-70.53
1619,MOHUF,-33.4399,-70.6535
1620,MACD2,-33.3904,-70.5474
1621,CLINF,-33.2059,-70.6759
1622,SASDO,-33.4362,-70.649
1623,ANOCH,-33.3468,-70.6268
1624,PARV3,-33.3371,-70.2905
1625,MBLNF,-33.4255,-70.6112
1626,MHOLF,-33.4195,-70.6042
1627,SKLAI,-33.3226,-70.7208
1628,COECI,-33.4399,-70.6517
1629,LPHB1,-33.5608,-70.7855
1630,MEPRA,-33.4433,-70.7164
1631,MELOU,-33.4393,-70.685
1632,MEFLO,-33.5198,-70.5997
1633,CIALQ,-33.3712,-70.7084
1634,MIRAL,-33.4071,-70.5279
1635,MASR1,-33.4055,-70.7055
1636,HLFL2,-33.4966,-70.596
1637,HOCRI,-33.4616,-70.6862
1638,MEGCF,-33.4013,-70.5754
1639,QQB1C,-33.4881,-70.5776
1640,POLPA,-33.1552,-70.8283
1641,MELAC,-33.5375,-70.664
1642,MLARE,-33.4574,-70.7058
1643,SATCU,-33.5617,-70.6783
1644,HLRE3,-33.4647,-70.5331
1645,CCA5I,-33.418,-70.6059
1646,CCA3A,-33.418,-70.6059
1647,CCA2B,-33.418,-70.6059
1648,PAA2J,-33.4024,-70.579
1649,L6NW4,-33.4208,-70.6088
1650,TIE6A,-33.4133,-70.6038
1651,MPARF,-33.4445,-70.6494
1652,HBOM1,-33.4966,-70.596
1653,PDVC1,-33.443000000000005,-70.6071
1654,SUIBU,-33.4373,-70.6322
1655,CCA5F,-33.418,-70.6059
1656,FSBEF,-33.4725,-70.6316
1657,CCA2D,-33.418,-70.6059
1658,CCA1D,-33.418,-70.6059
1659,CCA1E,-33.418,-70.6059
1660,MIMON,-33.4415,-70.6466
1661,PDHSF,-33.3573,-70.5161
1662,ACA3B,-33.3904,-70.5474
1663,ACA3F,-33.3904,-70.5474
1664,LNFAF,-33.479,-70.7141
1665,PAA2B,-33.4024,-70.579
1666,PAY2A,-33.4024,-70.579
1667,AMA2A,-33.4825,-70.751
1668,ARMAF,-33.4377,-70.6497
1669,HBCF2,-33.4844,-70.6797
1670,HPCOU,-33.493,-70.5702
1671,ESTC3,-33.4323,-70.6545
1672,SCGPN,-33.4375,-70.628
1673,MPDO2,-33.4155,-70.5407
1674,MAO21,-33.4631,-70.6614
1675,L1020,-33.4152,-70.5896
1676,L1032,-33.4559,-70.7014
1677,L1023,-33.4482,-70.6691
1678,LATA1,-33.3969,-70.7925
1679,HAILL,-33.5501,-70.7662
1680,SAND2,-33.4746,-70.6278
1681,RPLE4,-33.4419,-70.6492
1682,ALVAL,-33.4637,-70.5217
1683,HTR12,-33.5395,-70.6088
1684,HASOL,-33.5098,-70.7949
1685,HPRO3,-33.4315,-70.598
1686,TVN07,-33.4271,-70.6243
1687,SUAIP,-33.5066,-70.7577
1688,M21MF,-33.6104,-70.5744
1689,HUMCF,-33.4393,-70.64699999999999
1690,TEHF2,-33.44,-70.6553
1691,SAAF2,-33.4409,-70.648
1692,CISRF,-33.3952,-70.6333
1693,ESAIN,-33.442,-70.652
1694,HPDV1,-33.455,-70.6139
1695,MPIOF,-33.4317,-70.6362
1696,TPSC2,-33.3284,-70.5316
1697,AMA2C,-33.4825,-70.751
1698,MTHYF,-33.4186,-70.60300000000001
1699,HMER1,-33.5044,-70.6774
1700,BELAB,-33.437,-70.6326
1701,HIND1,-33.4352,-70.63600000000001
1702,PPLG2,-33.4438,-70.6579
1703,PAAND,-33.4048,-70.5747
1704,CCA4K,-33.418,-70.6059
1705,CCA3B,-33.418,-70.6059
1706,CCA3I,-33.418,-70.6059
1707,CCA1I,-33.418,-70.6059
1708,PAA2K,-33.4024,-70.579
1709,SCSPS,-33.3885,-70.5032
1710,HAPO5,-33.4139,-70.5323
1711,CBRET,-33.4129,-70.6038
1712,STAG8,-33.4408,-70.6497
1713,OPSAT,-33.4563,-70.8992
1714,FAMIN,-33.4235,-70.6531
1715,MTSAL,-33.4567,-70.7006
1716,GJP2F,-33.3239,-70.5613
1717,CCA2F,-33.418,-70.6059
1718,PAA2I,-33.4024,-70.579
1719,PAX2A,-33.4024,-70.579
1720,PAX6A,-33.4024,-70.579
1721,TSTGI,-33.4542,-70.6886
1722,POA3D,-33.5174,-70.7174
1723,POA2D,-33.5174,-70.7174
1724,TIB1C,-33.4133,-70.6038
1725,TIE4A,-33.4133,-70.6038
1726,QQB1D,-33.4881,-70.5776
1727,DPUNO,-33.1907,-70.515
1728,L1031,-33.4542,-70.6923
1729,L1005,-33.4079,-70.5448
1730,L1028,-33.4512,-70.6786
1731,HFER0,-33.4989,-70.7373
1732,HCAB3,-33.5876,-70.6879
1733,MFRA2,-33.4356,-70.7202
1734,EYREC,-33.6253,-70.6033
1735,HUSF2,-33.4393,-70.6482
1736,GOCUF,-33.4157,-70.592
1737,PZLC3,-33.4192,-70.6069
1738,BOSAF,-33.4412,-70.6515
1739,HOSJF,-33.4428,-70.6791
1740,MECEM,-33.4138,-70.6436
1741,HNUN1,-33.4463,-70.575
1742,FBREI,-33.3994,-70.686
1743,HSLU1,-33.4368,-70.6384
1744,HLCO1,-33.3979,-70.5929
1745,HGMI1,-33.5627,-70.6022
1746,TUZAP,-33.3883,-71.2633
1747,CMMPE,-33.478,-70.5434
1748,RPHFF,-33.4395,-70.6505
1749,ELMEI,-33.3826,-70.5939
1750,REPUB,-33.4513,-70.6678
1751,CCA5J,-33.418,-70.6059
1752,CCA4B,-33.418,-70.6059
1753,CCA4C,-33.418,-70.6059
1754,CCA3K,-33.418,-70.6059
1755,CCA2R,-33.418,-70.6059
1756,CCY1G,-33.418,-70.6059
1757,PAA2C,-33.4024,-70.579
1758,BEHUB,-33.44,-70.6538
1759,RPLE3,-33.4419,-70.6492
1760,GESPF,-33.4391,-70.6491
1761,SUTAL,-33.6628,-70.9265
1762,SUNUN,-33.4547,-70.6016
1763,CCA4I,-33.418,-70.6059
1764,CCA2K,-33.418,-70.6059
1765,ACA3I,-33.3904,-70.5474
1766,ACY5A,-33.3904,-70.5474
1767,AMA1F,-33.4825,-70.751
1768,POA3B,-33.5174,-70.7174
1769,POY1A,-33.5174,-70.7174
1770,TIF2D,-33.4133,-70.6038
1771,L6NL4,-33.4208,-70.6088
1772,L1008,-33.408,-70.5556
1773,L1009,-33.408,-70.5556
1774,L1030,-33.4531,-70.6862
1775,HCAB1,-33.5826,-70.6861
1776,MASR2,-33.4014,-70.7063
1777,EMA01,-33.439,-70.6543
1778,EMB01,-33.439,-70.6543
1779,MSMH1,-33.4402,-70.6556
1780,MOTEL,-33.4423,-70.6562
1781,COCEN,-33.4178,-70.6066
1782,MTSMF,-33.4232,-70.6223
1783,MIRA4,-33.416,-70.6066
1784,PARV1,-33.3331,-70.2892
1785,MBELF,-33.4221,-70.6083
1786,LONDR,-33.4451,-70.6483
1787,HVIT2,-33.3826,-70.5782
1788,CCA5C,-33.418,-70.6059
1789,CCA4L,-33.418,-70.6059
1790,CCA3P,-33.418,-70.6059
1791,CCA1L,-33.418,-70.6059
1792,CCY1A,-33.418,-70.6059
1793,CCY2C,-33.418,-70.6059
1794,PAY6A,-33.4024,-70.579
1795,PAA2L,-33.4024,-70.579
1796,CCC3A,-33.418,-70.6059
1797,ITAA2,-33.4044,-70.5733
1798,CJLA1,-33.425,-70.6209
1799,OPSAP,-33.4563,-70.8992
1800,STAG9,-33.4408,-70.6497
1801,SUDPT,-33.5026,-70.655
1802,SUBAR,-33.439,-70.6458
1803,SUPRV,-33.4209,-70.6094
1804,SUAP3,-33.416,-70.5936
1805,CCA4D,-33.418,-70.6059
1806,CCA4E,-33.418,-70.6059
1807,CCA4F,-33.418,-70.6059
1808,CCY3B,-33.418,-70.6059
1809,CCY3C,-33.418,-70.6059
1810,PAA2H,-33.4024,-70.579
1811,PAA1B,-33.4024,-70.579
1812,MPSPF,-33.4345,-70.6517
1813,QQA1E,-33.4881,-70.5776
1814,HMPU1,-33.445,-70.7449
1815,MBEVE,-33.4194,-70.5965
1816,L1021,-33.4152,-70.5896
1817,MVCHI,-33.2795,-70.62899999999999
1818,SCALP,-33.2512,-70.7171
1819,SCEVG,-33.2745,-70.6562
1820,SCJR2,-33.2504,-70.6266
1821,EVLPE,-33.4865,-70.5385
1822,ESQB2,-33.4467,-70.6837
1823,PEDWF,-33.4396,-70.6516
1824,DUOCP,-33.4327,-70.6147
1825,MIRA2,-33.416,-70.6066
1826,MLEOF,-33.4235,-70.6047
1827,DPRDF,-33.4277,-70.617
1828,HTRI2,-33.5394,-70.6035
1829,SURAM,-33.4401,-70.6455
1830,QUINO,-33.3538,-70.7552
1831,AALIR,-33.476,-70.631
1832,SBSAI,-33.4431,-70.6486
1833,HOTWD,-33.4139,-70.5984
1834,ESA12,-33.4416,-70.6523
1835,ACA2D,-33.3904,-70.5474
1836,WGNSB,-33.5337,-70.7061
1837,MLCF2,-33.4357,-70.6508
1838,MCOUS,-33.4418,-70.6499
1839,MQFZM,-33.4429,-70.6072
1840,CCA4A,-33.418,-70.6059
1841,CCA3F,-33.418,-70.6059
1842,CCA1F,-33.418,-70.6059
1843,CCY3A,-33.418,-70.6059
1844,PAA3D,-33.4024,-70.579
1845,SCME1,-33.6933,-71.2239
1846,QQA1G,-33.4881,-70.5776
1847,QQB1G,-33.4881,-70.5776
1848,ESTC2,-33.4323,-70.6545
1849,PECON,-33.409,-70.7464
1850,L1024,-33.4494,-70.6723
1851,L1019,-33.4141,-70.5843
1852,ARRU5,-33.4048,-70.5742
1853,SCCO1,-33.3155,-70.6563
1854,HTR11,-33.5435,-70.6079
1855,EMC01,-33.439,-70.6543
1856,SCAJA,-33.4361,-70.5244
1857,SCCSV,-33.4375,-70.5389
1858,SCCVP,-33.4342,-70.5428
1859,ELTRO,-33.4815,-70.5505
1860,HTR23,-33.5428,-70.6021
1861,MOSAF,-33.437,-70.6486
1862,MPTRF,-33.4308,-70.6447
1863,QQA1A,-33.4881,-70.5776
1864,QQA1F,-33.4881,-70.5776
1865,PAA2G,-33.4024,-70.579
1866,UCSJL,-33.4999,-70.6142
1867,SBRAN,-33.543,-70.7105
1868,SAAL2,-33.412,-70.5796
1869,STDB1,-33.4412,-70.6522
1870,MLPIF,-33.4145,-70.5971
